val_loss,stopped_epoch,d_model,nhead,num_layers,dim_feedforward,dropout,batch_size,lr
0.3637368212938309,25,128,4,4,128,0.1,64,0.000906
0.3715676168203354,25,256,16,5,128,0.1,32,0.000794
0.37507383728027344,25,64,8,6,512,0.1,128,0.000704
0.37774520844221116,24,128,16,5,1024,0.1,32,0.000175
0.37853631675243377,25,128,2,6,1024,0.1,64,0.000364
0.3840487289428711,23,128,2,5,512,0.1,64,0.00024
0.384106901049614,18,128,16,5,128,0.1,32,0.000356
0.38440523624420164,23,64,16,6,128,0.1,128,0.000643
0.385765471637249,22,384,16,3,1024,0.1,32,0.00023
0.3859139124751091,25,256,8,5,256,0.2,32,0.000129
0.38921876895427704,23,384,2,4,512,0.1,32,0.000129
0.3908557870686054,25,64,4,4,1024,0.2,32,0.000663
0.391364825963974,25,256,2,4,1024,0.1,128,0.000327
0.3921243155002594,25,256,2,3,1024,0.2,64,0.000574
0.39341970935463905,25,64,2,6,512,0.2,32,0.000263
0.39465311288833615,25,64,2,6,128,0.1,128,0.000287
0.3948207883834839,25,256,4,6,512,0.3,128,0.000274
0.39723385000228884,25,128,2,2,256,0.1,128,0.000914
0.39733700489997864,23,128,8,4,128,0.1,128,0.00032
0.3979112453460693,25,128,8,5,1024,0.3,64,0.000163
0.3999192109704018,25,256,4,2,256,0.2,32,0.000506
0.39993270301818845,24,128,8,4,128,0.1,64,0.000136
0.40122914481163025,25,128,8,6,512,0.3,128,0.000138
0.40164902079105375,25,64,4,5,128,0.2,64,0.000424
0.40210330310463904,25,64,16,5,1024,0.3,32,0.000226
0.4025281175971031,25,128,16,3,512,0.2,32,0.000138
0.40260235530138017,25,64,8,2,256,0.2,32,0.000855
0.40337780833244324,25,64,2,4,128,0.1,32,0.000253
0.40403701210021975,25,64,2,3,256,0.2,64,0.000844
0.40414050006866453,25,384,8,4,256,0.3,64,0.000111
0.40483806920051574,25,64,2,2,256,0.1,32,0.00051
0.40536163592338564,25,384,4,3,512,0.2,128,0.000849
0.40981700563430784,25,128,4,4,256,0.3,64,0.00029
0.41009031915664673,25,64,2,3,256,0.1,128,0.000552
0.4122465898990631,23,256,4,3,512,0.2,64,0.000184
0.414709823012352,25,64,4,6,256,0.3,64,0.000187
0.41755146822333333,25,64,8,6,256,0.3,32,0.000105
0.41757084226608276,25,128,16,3,512,0.3,128,0.000885
0.42072502422332764,25,64,4,6,256,0.3,128,0.000253
0.4229872133731842,25,64,8,6,1024,0.3,128,0.000114
0.4256466562151909,25,64,2,2,128,0.1,32,0.000389
0.4327651116847992,25,128,2,5,128,0.3,32,0.000122
0.43308598232269285,25,256,4,2,256,0.3,128,0.000468
0.4351814124584198,25,384,4,3,128,0.3,128,0.000155
0.4473800113201141,25,384,8,2,128,0.3,128,0.000936
0.44937275993824005,25,128,4,3,128,0.3,64,0.000237
0.4572557201385498,25,256,4,2,512,0.3,128,0.000322
0.5331050581932067,18,384,4,2,256,0.2,32,0.000732
1.2274895992279053,17,384,8,5,512,0.2,128,0.000844
1.2278603401184083,24,384,2,5,128,0.3,64,0.00094

==================================================

0.3770510493516922,25,128,16,5,1024,0.1,64,0.000166
0.3804327169656754,25,128,4,3,1024,0.1,32,0.000732
0.38191571044921874,22,64,16,5,256,0.1,64,0.000745
0.38379898500442505,25,384,2,6,256,0.2,64,0.000331
0.3842181953787804,25,256,2,3,512,0.1,32,0.000658
0.3846057344973087,25,256,8,6,512,0.3,32,0.000219
0.38536264607310294,25,384,16,6,512,0.2,32,0.000273
0.3859356808066368,25,128,2,6,256,0.2,32,0.000683
0.38621097421646117,20,256,8,6,128,0.1,64,0.000147
0.38765556797385214,25,384,16,2,128,0.2,32,0.000281
0.38870353507995603,25,64,2,6,1024,0.2,128,0.000849
0.3889609972238541,19,256,8,6,512,0.2,64,0.000162
0.3890779628753662,25,384,4,6,512,0.2,128,0.000202
0.3898803129196167,25,256,16,5,256,0.3,128,0.00053
0.39015289416909216,25,128,16,4,1024,0.2,32,0.000152
0.3908215777873993,25,384,8,5,512,0.2,64,0.000218
0.3919361870288849,23,384,2,2,1024,0.1,64,0.000361
0.39274665486812593,22,384,8,4,256,0.1,64,0.000253
0.39317422223091125,25,64,2,5,512,0.1,128,0.000222
0.3932990896701813,24,256,16,3,512,0.1,128,0.000634
0.3941412314772606,19,384,2,6,256,0.2,32,0.000243
0.39449241089820863,25,384,8,2,512,0.1,128,0.000869
0.39541689652204515,23,384,8,4,256,0.2,32,0.000107
0.39663832318782805,25,256,16,6,1024,0.3,64,0.00041
0.39785587465763095,24,128,2,4,1024,0.2,32,0.00026
0.39795156645774843,25,128,8,4,256,0.2,64,0.000275
0.398645245552063,22,256,8,3,256,0.1,128,0.000662
0.39897460985183714,25,64,16,6,128,0.2,32,0.000105
0.39901963257789613,25,128,16,6,128,0.3,64,0.000245
0.3993853802382946,25,128,2,5,1024,0.3,32,0.000174
0.40007629883289336,25,256,2,5,128,0.2,64,0.000707
0.40132120633125307,24,384,4,6,512,0.3,128,0.000273
0.4053983580172062,25,384,4,4,1024,0.3,32,0.000413
0.408465222120285,25,128,2,6,1024,0.3,128,0.000226
0.40899715590476987,25,256,2,5,512,0.3,64,0.000128
0.41077115631103517,25,384,4,3,128,0.2,128,0.000324
0.4176453504562378,25,64,8,3,1024,0.3,128,0.000761
0.41861680483818053,25,128,16,3,256,0.3,128,0.000312
0.4200274441242218,25,64,8,2,512,0.1,128,0.000232
0.420395343542099,22,128,16,3,512,0.3,64,0.000282
0.422449667096138,25,128,2,5,128,0.2,64,0.000111
0.4227226784229279,25,128,16,2,512,0.2,128,0.000213
0.4296831522881985,25,256,2,3,1024,0.3,32,0.000138
0.43832572031021116,25,128,2,3,128,0.3,64,0.000391
0.46037703633308413,25,64,8,2,512,0.3,64,0.00042
0.4647973201274872,25,64,16,2,128,0.3,64,0.000391
0.4689315450191498,25,128,4,2,256,0.2,128,0.000134
0.46901181054115293,25,64,2,3,256,0.3,128,0.0006
0.702368953704834,9,384,2,4,1024,0.2,128,0.000876
1.2274899702072144,10,256,16,6,512,0.2,128,0.000992

==================================================

0.37125992000103,25,64,16,4,1024,0.1,32,0.000812
0.37518739184737204,25,384,16,5,512,0.1,32,0.000489
0.37528527176380155,25,64,8,6,1024,0.1,64,0.000532
0.3772323825955391,25,256,16,6,128,0.2,32,0.000651
0.3811191375255585,21,64,16,6,128,0.1,32,0.00031
0.3852018676996231,25,64,8,5,256,0.1,32,0.000212
0.3853842694759369,23,384,4,5,256,0.1,32,0.000175
0.3858442361354828,25,64,4,5,512,0.1,128,0.000295
0.38650599908828737,25,256,2,3,256,0.1,128,0.000553
0.38676425409317017,25,384,8,5,128,0.2,128,0.000123
0.3870493202209473,25,256,16,5,512,0.1,64,0.00049
0.38774713858962057,25,128,8,2,128,0.1,32,0.000629
0.38802356719970704,25,256,16,4,1024,0.2,128,0.000133
0.3883464593887329,25,384,2,5,128,0.1,64,0.000309
0.389466415643692,25,128,16,6,1024,0.3,128,0.000284
0.3898515831232071,25,384,2,6,512,0.3,64,0.000173
0.39072382226586344,20,128,16,5,1024,0.2,32,0.000452
0.39138575649261476,25,384,16,6,512,0.3,64,0.000113
0.39187813925743104,24,128,4,3,1024,0.1,64,0.000373
0.39225702226161957,25,64,4,6,128,0.1,64,0.000438
0.39264311265945434,25,128,2,6,512,0.2,128,0.000134
0.39357061502337454,25,64,2,5,128,0.1,32,0.000202
0.39375166189670563,25,256,8,4,256,0.1,64,0.000115
0.39462435233592985,25,256,2,2,256,0.1,64,0.000357
0.3948377990722656,16,384,8,6,1024,0.2,64,0.000215
0.39542254161834717,23,256,8,4,1024,0.2,128,0.000677
0.39561987257003783,25,256,8,5,128,0.3,128,0.000211
0.39564607965946197,25,128,16,5,512,0.3,64,0.000282
0.3964235345125198,25,384,2,6,256,0.3,32,0.000107
0.3967127511501312,25,256,16,2,128,0.2,64,0.00044
0.39696380257606506,24,384,4,3,1024,0.1,128,0.000286
0.3979438832104206,25,256,8,5,128,0.3,32,0.000505
0.3985072644650936,25,256,4,6,256,0.3,32,0.000266
0.4000799441337585,24,64,16,2,1024,0.1,128,0.000951
0.4006966292858124,25,384,2,3,512,0.1,128,0.000414
0.4009220643341541,20,128,16,5,512,0.3,32,0.000434
0.4015907815694809,25,256,2,4,1024,0.3,64,0.000721
0.4019709199368954,25,128,4,3,128,0.3,32,0.000612
0.40266508078575136,25,256,4,3,512,0.1,128,0.000278
0.40311085963249205,25,128,2,5,512,0.3,64,0.000189
0.4046713235080242,17,256,16,5,128,0.3,32,0.00032
0.4047412506043911,25,64,4,6,512,0.3,32,0.000296
0.40742278230190276,25,64,16,4,256,0.3,64,0.000681
0.40770515394210816,19,384,8,3,128,0.2,64,0.000476
0.4089139459133148,25,64,4,4,512,0.2,64,0.000315
0.4104634385108948,25,64,16,6,128,0.3,128,0.000319
0.4112791714668274,25,256,2,6,128,0.3,64,0.000123
0.4118294745981693,25,384,8,3,128,0.3,32,0.000203
0.414227508187294,25,64,16,4,1024,0.3,64,0.000234
0.4152965932786465,25,128,4,3,128,0.2,32,0.000213
0.41678310418128967,25,256,4,4,128,0.3,128,0.00023
0.41701797950267794,25,256,2,5,128,0.3,64,0.000748
0.41835577511787414,21,128,16,2,1024,0.2,64,0.000336
0.42012474635243413,25,256,2,3,128,0.1,32,0.000144
0.42026541659235955,25,384,8,2,512,0.2,32,0.000153
0.42075035470724104,21,64,16,3,1024,0.3,32,0.000417
0.42184568029642106,22,384,8,6,512,0.1,32,0.00053
0.42867840218544007,25,384,16,2,1024,0.3,64,0.00012
0.432235999584198,25,256,4,3,512,0.3,128,0.000118
0.43522542238235473,25,64,8,2,512,0.3,32,0.000615
0.439964630484581,25,64,4,3,128,0.2,64,0.000257
0.43996781229972837,25,256,2,2,256,0.1,128,0.000294
0.44590646386146543,25,128,4,3,128,0.3,128,0.000418
0.449989949285984,25,256,2,2,256,0.3,32,0.000407
0.45591245937347413,25,128,8,2,512,0.3,32,0.000111
0.4591868236064911,25,256,2,2,512,0.2,64,0.000111
0.46421611857414247,25,256,2,2,1024,0.3,128,0.000986
0.4777978358268738,15,256,2,5,512,0.1,128,0.00095
0.5923130896091461,9,384,16,5,512,0.2,64,0.000931
1.2278602366447449,9,384,2,6,512,0.2,64,0.000746